date, pm25, pm10, o3, no2, so2, co
12/1/2018,214,167,2,9,2,9
12/2/2018,240,110,7,8,2,8
12/3/2018,186,157,11,15,3,9
12/4/2018,225,137,18,23,2,8
12/5/2018,208,158,10,23,3,8
12/6/2018,221,97,13,20,2,7
12/7/2018,171,115,9,20,2,8
12/8/2018,188,153,23,22,3,9
12/9/2018,217,123,19,15,2,9
12/10/2018,208,174,20,11,3,11
12/11/2018,282,155,20,16,3,13
12/12/2018,261,117,16,13,2,9
12/13/2018,210,157,15,17,3,12
12/14/2018,264,223,31,21,3,10
12/15/2018,301,135,16,15,3,9
12/16/2018,224,141,8,21,3,10
12/17/2018,224,144,23,14,3,8
12/18/2018,216,146,13,11,3,10
12/19/2018,216,176,23,15,3,10
12/20/2018,241,181,21,16,3,10
12/21/2018,251,185,20,16,5,9
12/22/2018,239,109,18,13,3,9
12/23/2018,180,137,32,15,3,11
12/24/2018,217,156,3,20,2,9
12/25/2018,233, , , , , 
12/26/2018,132,105,39,11,3,10
12/27/2018,132,118,40,11,3,10
12/28/2018,137,125,43,11,3,10
12/29/2018,141,132,46,14,3,11
12/30/2018,153,116,44,15,5,11
12/31/2018,161,148,20,14,3,13
1/1/2019,165,118,19,11,3,11
1/2/2019,138,133,19,10,3,12
1/3/2019,146,147,18, , ,11
1/4/2019,144,114,25,11,2,11
1/5/2019,143,148,34,13,3,12
1/6/2019,186,228,40,18,4,13
1/7/2019,211,149,29,15,3,12
1/8/2019,169,124,22,12,2,12
1/9/2019,137,102,20,9,2,10
1/10/2019,118,45,22,9,2,10
1/11/2019,70,75,27,16,2,9
1/12/2019,106,77,34,12,3,10
1/13/2019,113,113,41,15,4,11
1/14/2019,157,119,54,13,4,12
1/15/2019,173,153,50,17,5,13
1/16/2019,197,141,32,19,3,13
1/17/2019,176,113,36,14,4,11
1/18/2019,154,138,39,18,4,12
1/19/2019,178,130,43,16,4,11
1/20/2019,162,170,47,24,5,13
1/21/2019,186,221,55,24,5,16
1/22/2019,220,186,88,21,4,17
1/23/2019,222,152,57,15,3,8
1/24/2019,195,173,49,17,3,11
1/25/2019,222,179,52,17,3,10
1/26/2019,217,339,41,22,6,13
1/27/2019,311,356,42,25,3,12
1/28/2019,298,371,43,27,4,13
1/29/2019,286,370,34,25,4,13
1/30/2019,299,277,55,20,3,11
1/31/2019,240,159,82,22,5,12
2/1/2019,205,244,50,27,6,13
2/2/2019,250,368,25,27,4,13
2/3/2019,411,137,13,14,2,7
2/4/2019,201,80,27,11,2,7
2/5/2019,144,98,36,10,3,7
2/6/2019,168,205,43,15,10,10
2/7/2019,326,158,40,19,5,9
2/8/2019,263,224,44,20,4,10
2/9/2019,339,291,48,25,4,12
2/10/2019,368,204,41,21,3,13
2/11/2019,271,174,39,21,3,11
2/12/2019,251,173,60,21,3,12
2/13/2019,261,186,53,21,2,10
2/14/2019,263,196,1,18,5,9
2/15/2019,320,219,8,20,4,10
2/16/2019,327,245,59,27,3,13
2/17/2019,350,276,73,20,3,12
2/18/2019,378,307,51,22,4,12
2/19/2019,342,204,61,17,4,11
2/20/2019,316,178,21,14,2,11
2/21/2019,298,101,17,9,1,8
2/22/2019,198,134,37,12,2,10
2/23/2019,223,160,40,10,2,10
2/24/2019,286,135,39,10,3,9
2/25/2019,240,137,35,14,4,9
2/26/2019,202,132,38,13,2,10
2/27/2019,224,130,40,12,7,8
2/28/2019,218,114,36,13,4,8
3/1/2019,201,155,36,17,3,9
3/2/2019,215,186,38,20,4,12
3/3/2019,266,207,40,24,3,11
3/4/2019,269,165,39,24,4,9
3/5/2019,247,127,38,19,4,8
3/6/2019,217,145,41,19,3,10
3/7/2019,242,186,52,24,4,11
3/8/2019,296,190,46,23,3,11
3/9/2019,300,180,33,21,5,10
3/10/2019,249,193,35,22,4,10
3/11/2019,264,287,35,25,7,13
3/12/2019,315,177,36,21,4,11
3/13/2019,269,138,28,17,3,8
3/14/2019,213,122,31,17,3,8
3/15/2019,201,162,31,21,4,9
3/16/2019,227,221,31,22,4,11
3/17/2019,299,264,37,20,3,10
3/18/2019,364,247,36,18,4,10
3/19/2019,351,186,35,20,3,11
3/20/2019,302,148,30,18,3,9
3/21/2019,251,157,18,18,3,11
3/22/2019,262,142,6,17,2,12
3/23/2019,257,107,9,10,2,9
3/24/2019,193,169,12,18,3,12
3/25/2019,257,145,13,14,3,10
3/26/2019,235,124,14,12,2,9
3/27/2019,208,132,10,10,4,7
3/28/2019,65,43,25,4,2,11
3/29/2019,96,83,45,8,3,9
3/30/2019,148,85,22,11,2,10
3/31/2019,135,56,23,6,2,9
4/1/2019,110,51,21,6,2,8
4/2/2019,82,44,29,7,2,7
4/3/2019,100,24,13,5,1,9
4/4/2019,63,27,10,5,1,9
4/5/2019,68,30,11,4,3,9
4/6/2019,54,44,16,6,3,7
4/7/2019,68, ,10,3,1,9
4/8/2019,59, ,19,5,1,12
4/9/2019,87, , , , , 
4/10/2019,118,50,13,6,1,10
4/11/2019,91,38,13,3,2,9
4/12/2019,66,48,13,3,1,9
4/13/2019,78,67,17,4,2,11
4/14/2019,123,34,16,5,1,11
4/15/2019,64,46,20,7,2,9
4/16/2019,101,50,14,5,1,11
4/17/2019,105,29,7,5,2,24
4/18/2019,58,35,10,4,2,53
4/19/2019,70,68,11,4,1,46
4/20/2019,128,61,5,4,1,60
4/21/2019,87,62,5,5,2,9
4/22/2019,82,59,7,4,1,7
4/23/2019,80,53,11,4,1,8
4/24/2019,87,53,5,6,1,10
4/25/2019,99,69,5,3,2,8
4/26/2019,93,75,6,5,1,9
4/27/2019,82,87,7,4,2,9
4/30/2019,84,88,9,4,1,9
5/1/2019,92,94,10,5,1,9
5/2/2019,97,94,12,6,1,9
5/3/2019,106,86,13,4,1,9
5/4/2019,90,73,15,4,2,9
5/5/2019,83,75,24,5,2,9
5/6/2019,87,67,8,4,1,10
5/7/2019,124,83,5,8,2,10
5/8/2019,125,100,8,7,1,9
5/9/2019,118,102,16,6,1,8
5/10/2019,118,51,24,5,1,10
5/11/2019,99,68,1, , ,12
5/12/2019,155,59,25,10, ,9
5/13/2019,94,65,18,8,1,10
5/14/2019,103,39,6,8,2,11
5/15/2019,66,67,12,6,1,9
5/16/2019,85,87,13,6,1,9
5/17/2019,95,113,18,5,1,9
5/18/2019,118,121,18,4,2,9
5/19/2019,131,109,74,4,2,9
5/20/2019,126,101,19,6,2,9
5/21/2019,115,103,30,6,2,10
5/22/2019,132,105,25,7,2,9
5/23/2019,129,95,21,6,1,9
5/24/2019,97,99,22,8,2,9
5/25/2019,116,101,24,6,2,9
5/26/2019,115,97,25,7,3,9
5/27/2019,109,62,38,5,2,10
5/28/2019,96,79,50,9,2,10
5/29/2019,116,77,56,9,2,9
5/30/2019,111,59,33,5,2,9
5/31/2019,78,28,18,4,1,9
6/1/2019,41,21,19,2,1,9
6/2/2019,23,27,23,4,2,9
6/3/2019,53,49,25,7,1,10
6/4/2019,82,65,35,10,2,10
6/5/2019,112,79,43,10,2,11
6/6/2019,143,55,23,7,1,10
6/7/2019,76,47,15,4,2,9
6/8/2019,60,43,20,3,1,9
6/9/2019,48,57,26,5,3,9
6/10/2019,63,69,29,8,2,10
6/11/2019,82,79,43,9,2,10
6/12/2019,100,84,35,10,2,10
6/13/2019,118,78,21,6,2,10
6/14/2019,110,67,17,12,1,10
6/15/2019,103,78,29,8,1,10
6/16/2019,116,75,44,5,2,10
6/17/2019,113,92,34,9,1,10
6/18/2019,139,92,27,7,2,9
6/19/2019,113,95,33,12,2,10
6/20/2019,120,107,49,11,3,10
6/21/2019,132,114,39,10,2,10
6/22/2019,140,106,38,11,2,10
6/23/2019,125,73,40,7,5,8
6/24/2019,130,102,36,5,5,8
6/25/2019,143,70,39,5,6,5
6/26/2019,90,114,36,9,7,8
6/27/2019,121,103,37,7,6,7
6/28/2019,91,107,38,10,9,8
6/29/2019,115,102,44,10,7,6
6/30/2019,116,170,50,14,9,4
7/1/2019,166,191,51,17,11,6
7/2/2019,169,261,44,16,15,5
7/3/2019,205,147,43,12,11,3
7/4/2019,144,177,42,13,9,5
7/5/2019,150,220,45,18,12,8
7/6/2019,175,258,66,20,16,7
7/7/2019,211,146,42,14,11,6
7/8/2019,155,159,41,15,8,9
7/9/2019,108,277,29,18,11,6
7/10/2019,177,253,39,8,7,4
7/11/2019,133,100,35,9,6,5
7/12/2019,110,103,46,6,6,5
7/13/2019,107,117,51,5,7,5
7/14/2019,113,81,35,8,4,4
7/15/2019,72,127,49,13,10,3
7/16/2019,150,124,66,10,6,6
7/17/2019,143,155,88,14,9,5
7/18/2019,177,208,77,16,7,5
7/19/2019,177,112,54,13,8,5
7/20/2019,151,187,41,19,8,6
7/21/2019,186,85,38,10,5,3
7/22/2019,138,45,16,6,2,2
7/23/2019,108,51,21,5,2,2
7/24/2019,105,61,27,9,4,4
7/25/2019,121,68,48,10,2,3
7/26/2019,115,119,51,16,5,5
7/27/2019,167,141,28,15,8,4
7/28/2019,164,119,42,12,7,3
7/29/2019,157,93,42,10,5,2
7/30/2019,129,138,63,12,7,4
7/31/2019,164,131,58,13,10,3
8/1/2019,159,250,78,22,14,3
8/2/2019,239,175,80,18,7,4
8/3/2019,182,172,87,20,11,4
8/4/2019,195,171,60,14,8,4
8/5/2019,170,122,49,12,5,4
8/6/2019,108,522,40,8,3,4
8/7/2019,191,208,28,13,8,5
8/8/2019,153,83,49,8,2,2
8/9/2019,104,103,60,10,4,5
8/10/2019,141,133,54,19,8,7
8/11/2019,155,214, ,18,10,11
8/12/2019,134,219,29,8,8,12
8/13/2019,127,78,24,7,5,18
8/14/2019,73,64,48,6,5,25
8/15/2019,76,79,46,10,5,14
8/16/2019,80,72,38,12,3,10
8/17/2019,107,86,61,12,4,8
8/18/2019,154,96,32,7,5,10
8/19/2019,103,65,59,7,4,8
8/20/2019,111,48,30,7,3,9
8/21/2019,98,63,26,10,3,8
8/22/2019,121,69,41,8,3,8
8/23/2019,94,86,44,10,5,9
8/24/2019,120,111,37,14,5,9
8/25/2019,154,90,50,6,8,8
8/26/2019,121,286,62,8,7,10
8/27/2019,132,283,44,10,5,8
8/28/2019,163,106,47,12,6,24
8/29/2019,130,120,37,11,6,41
8/30/2019,122,105,31,8,4,31
8/31/2019,105,92,26,5,3,14
9/1/2019,102,110,32,8,2,12
9/2/2019,123,162,18,9,3,15
9/3/2019,135,167,14,5,3,13
9/4/2019,113,85,19,7,2,18
9/5/2019,98,94,14,10,2,13
9/6/2019,109,94,11,8,2,12
9/7/2019,117,59,4,5,2,13
9/8/2019,87,52,4,5,2,17
9/9/2019,73,60,7,10,2,12
9/10/2019,107,86,14,14,2,9
9/11/2019,113,72,7,17,2,5
9/12/2019,107,95,4,14,2,6
9/13/2019,135,91,4,9,4,11
9/14/2019,134,42,7,7,3,10
9/15/2019,80,44,14,4,5,10
9/16/2019,99,50,11,5,3,9
9/17/2019,95,54,12,8,3,12
9/18/2019,88,59,28,7,3,12
9/19/2019,99,42,17,5,2,8
9/20/2019,77,30,17,4,3,10
9/21/2019,242,178,17,10,5,12
9/22/2019,264,127,16,10,3,30
9/23/2019,206,144,10,13,5,34
9/24/2019,209,188,14,14,4,9
9/25/2019,248,185,13,14,5,9
9/26/2019,235,149,12,11,3,9
9/27/2019,242,142,11,12,3,11
9/28/2019,278,148,17,11,3,9
9/29/2019,244,131,23,11,3,7
9/30/2019,212,159,4,11,4,8
10/1/2019,252,166,21,13,6,8
10/2/2019,275,121,21,8,3,7
10/3/2019,213,106,33,12,4,6
10/4/2019,163,140,3,18,4,8
10/5/2019,203,137,17,17,3,6
10/6/2019,191,176,29,20,4,8
10/7/2019,234,186,37,20,7,5
10/8/2019,238,90,23,9,6,4
10/9/2019,165,163,33,17,5,6
10/10/2019,261,166,30,12,3,5
10/11/2019,281,140,32,12,3,4
10/12/2019,220,106,17,12,5,3
10/13/2019,169,88,10,10,3,3
10/14/2019,170,105,13,8,3,4
10/15/2019,194,91,32,10,3,4
10/16/2019,165,109,35,13,4,4
10/17/2019,179,165,6,18,2,7
10/18/2019,266,58,11,9,6,7
10/19/2019,123,66,17,7,2,7
10/20/2019,151,73,25,7,3,23
10/21/2019,159,90,29,9,4,28
10/22/2019,158,115,34,14,4,16
10/23/2019,180,124,35,13,6,15
10/24/2019,191,105,31,12,4,7
10/25/2019,167,204,44,20,5,10
10/26/2019,247,125,24,13,3,6
10/27/2019,181,96,33,13,4,5
10/28/2019,153,123,44,17,5,5
10/29/2019,176,133,38,15,7,5
10/30/2019,187,128,34,14,5,5
10/31/2019,207,87,32,8,4,5
11/1/2019,122,95,33,7,4,4
11/2/2019,112,85,38,9,5,5
11/3/2019,127,112,40,11,6,4
11/4/2019,167,157,44,16,5,5
11/5/2019,217,237,68,20,5,9
11/6/2019,300,210,48,17,5,8
11/7/2019,256,140,64,14,5,6
11/8/2019,232,152,56,17,5,5
11/9/2019,235,135,45,15,5,8
11/10/2019,205,119,36,13,5,6
11/11/2019,198,95,31,11,4,8
11/12/2019,158,99,39,12,5,6
11/13/2019,157,118,46,13,6,7
11/14/2019,185,123,61,14,11,7
11/15/2019,199,124,42,13,7,8
11/16/2019,184,122,37,12,6,6
11/17/2019,175,101,31,9,7,7
11/18/2019,145,123,34,14,8,8
11/19/2019,165,82,27,8,5,6
11/20/2019,131,84,28,7,6,7
11/21/2019,133,74,32,6,6,7
11/22/2019,132,87,38,7,7,6
11/23/2019,135,103,40,13,7,8
11/24/2019,163,106,40,9,8,6
11/25/2019,181,73,39,5,6,4
11/26/2019,135,122,37,12,7,10
11/27/2019,168,129,44,11,7,11
11/28/2019,177,121,24,11,7,10
11/29/2019,177,139,39,11,9,11
11/30/2019,186,150,38,12,10,9
12/1/2019,199,153,55,12,9,8
12/2/2019,187,146,75,11,13,7
12/3/2019,205,145,49,12,9,8
12/4/2019,169,70,16,7,4,4
12/5/2019,151,83, ,10,3,12
12/6/2019,139,94, ,9,5,6
12/7/2019,136,42,10,3,4,8
12/8/2019,93,75,44,7,5,30
12/9/2019,146,118,32,9,8,43
12/10/2019,153,121,24,10,6,14
12/11/2019,171,50,37,5,6,10
12/12/2019,97,100,35,5,7,10
12/13/2019,136,89,38,6,7,8
12/14/2019,128,109,38,7,8,7
12/15/2019,147,123,75,10,13,12
12/16/2019,174,101,48,7,7,21
12/17/2019,134,38,35,5,5,20
12/18/2019,73,64,57,5,6,7
12/19/2019,163,99, ,7,2,3
12/20/2019,146,77, ,6,1,3
12/21/2019,121,94,2,10,2,4
12/22/2019,145,108,33,9,1,6
12/23/2019,168,49,18,4,2,4
12/24/2019,66,37,13,2,2,5
12/25/2019,47,32,11,2,2,3
12/26/2019,32,29,12,1,1,1
12/27/2019,18,35,13,1,2,1
12/28/2019,29,57,28,6,2,3
12/29/2019,101,101,35,7,1,3
12/31/2019,144,88,33,7,2,2
1/1/2020,124,109,41,8,2,2
1/2/2020,152,138,47,11,3,3
1/3/2020,166,177,48,14,3,4
1/4/2020,178,167,45,14,4,5
1/5/2020,189,165,58,18,5,4
1/6/2020,182,165,52,18,4,8
1/7/2020,189,142,80,11,4,6
1/8/2020,192,201,55,12,4,7
1/9/2020,201,173,46,14,3,5
1/10/2020,193,164,62,17,7,5
1/11/2020,194,136,56,11,7,5
1/12/2020,200,137,50,7,7,4
1/13/2020,204,144,51,12, ,6
1/14/2020,200,212,51,19, ,9
1/15/2020,262,243,55,16, ,10
1/16/2020,289,283,45,19, ,10
1/17/2020,301,299,44,19, ,11
1/18/2020,299,369,44,22, ,12
1/19/2020,362,326,69,22, ,12
1/20/2020,330,284,41,16, ,9
1/21/2020,310,525,41,21, ,13
1/22/2020,503,468,67,24, ,14
1/23/2020,441,212,35,12, ,8
1/24/2020,272,177,42,13, ,8
1/25/2020,240,188,48,12, ,8
1/26/2020,259,219,39,12,4,8
1/27/2020,310,142,110,13,5,4
1/28/2020,187,225,85,18,5,8
1/29/2020,268,232,65,12,4,6
1/30/2020,283,177,82,12,6,7
1/31/2020,267,173,98,17,8,7
2/1/2020,244,238,113,25,6,11
2/2/2020,262,181,71,21,7,7
2/3/2020,186,138,63,16,5,6
2/4/2020,188,159,71,14,6,6
2/5/2020,220,216,86,20,7,7
2/6/2020,252,247,97,24,7,8
2/7/2020,240,195,87,24,6,7
2/8/2020,242,143,76,17,5,6
2/9/2020,205,132,78,15,6,5
2/10/2020,181,136,77,16,6,6
2/11/2020,176,177,82,18,5,7
2/12/2020,183,366,97,29,9,11
2/13/2020,262,263,95,22,6,11
2/14/2020,271,217,93,23,6,8
2/15/2020,243,297,102,24,7,10
2/16/2020,275,373,86,29,5,14
2/17/2020,314,353,62,26,5,12
2/18/2020,316,264,39,24,4,10
2/19/2020,275,267,42,25,4,11
2/20/2020,279,280,48,23,4,11
2/21/2020,319,297,33,22,4,11
2/22/2020,319,226,33,21,7,9
2/23/2020,246,158,34,14,4,6
2/24/2020,231,131,32,10,4,6
2/25/2020,201,146,33,16,4,7
2/26/2020,203,219,36,21,6,9
2/27/2020,261,308,31,24,5,10
2/28/2020,299,153,23,16,5,6
2/29/2020,198,122,24,15,4,5
3/1/2020,163,98,28,10,4,4
3/2/2020,147,108,28,11,4,5
3/3/2020,166,124,31,15,5,5
3/4/2020,170,170,37,19,5,7
3/5/2020,204,208,33,20,4,8
3/6/2020,250,300,31,18,5,11
3/7/2020,351,238,21,19,4,11
3/8/2020,303,149,20,13,3,8
3/9/2020,229,168,14,11,3,7
3/10/2020,226,207,2,17,3,7
3/11/2020,246,143,19,13,3,7
3/12/2020,226,138,19,13,3,7
3/13/2020,215,136,17,10,2,7
3/14/2020,205,170,7,15,3,9
3/15/2020,238,125,22,11,3,9
3/16/2020,217,136,33,11,4,7
3/17/2020,222,180,39,15,6,8
3/18/2020,263,239,33,14,5,10
3/19/2020,333,144,19,10,3,6
3/20/2020,217,106,30,10,3,6
3/21/2020,194,136,11,7,2,7
3/22/2020,99,71,10,6,4,5
3/23/2020,121,94,8,4,3,4
3/24/2020,79,84,26,7,2,6
3/25/2020,153,99,23,6,2,5
3/26/2020,150,74,15,3,1,4
3/27/2020,133,59,16,3,1,4
3/28/2020,81,77,25,5,2,7
3/29/2020,117,72,11,4,3,3
3/30/2020,112,51,15,3,2,3
3/31/2020,83,71,20,6,3,3
4/1/2020,114,56,13,5,1,4
4/2/2020,85,50,23,4,2,4
4/3/2020,82,65,15,4,3,4
4/4/2020,94,52,13,3,3,4
4/5/2020,67,48,14,5,2,4
4/6/2020,68,38,14,3,2,3
4/7/2020,68,60,20,3,2,4
4/8/2020,100,73,25,6,1,4
4/9/2020,111,57,7,7,2,4
4/10/2020,95,57,18,5,2,4
4/11/2020,110,60,11,4,3,4
4/12/2020,113,44,11,3,2,3
4/13/2020,79,40,12,2,2,3
4/14/2020,69,43,13,2,1,3
4/15/2020,70,49,12,3,2,3
4/16/2020,83,59,16,4,2,4
4/17/2020,103,54,11,6,2,4
4/18/2020,79,45,8,6,2,4
4/19/2020,56,47,6,6,1,4
4/20/2020,58,43,7,4,1,4
4/21/2020,58,58,9,4,2,4
4/22/2020,64,70,14,6,1,4
4/23/2020,94,85,13,8,1,5
4/24/2020,186,69,11,6,1,4
4/25/2020,126,53,9,5,1,5
4/26/2020,111,59,16,4,1,4
4/27/2020,119,57,8,5,1,4
4/28/2020,105,58,22,5,1,5
4/29/2020,114,56,14,4,2,4
4/30/2020,101,57,13,4,1,4
5/1/2020,78,42,7,2,1,3
5/2/2020,56,56,9,4,1,4
5/3/2020,75,67,2,7,1,13
5/4/2020,90,46,9,4,1,2
5/5/2020,89,30,7,1,1,4
5/6/2020,38,39,8,2,2,4
5/7/2020,52,51,12,6,1,4
5/8/2020,61,55,13,6,2,4
5/9/2020,64,52,10,4,2,4
5/10/2020,64,63,9,4,1,4
5/11/2020,92,79,11,5,2,4
5/12/2020,122,67,7,3,1,3
5/13/2020,100,48,10,2,1,3
5/14/2020,67,51,10,4,1,5
5/15/2020,76,73,15,6,2,5
5/16/2020,109,70,8,4,1,4
5/17/2020,96,74,9,4,1,3
5/18/2020,89,87,9,4,1,4
5/19/2020,99,85,10,5,2,3
5/20/2020,99,89,12,8,2,4
5/21/2020,131,79,12,6,2,3
5/22/2020,114,82,16,6,2,4
5/23/2020,120,81,13,7,3,4
5/24/2020,117,74,7,6,2,4
5/25/2020,91,60,10,3,1,3
5/26/2020,60,68,10,5,2,3
5/27/2020,76,77,11,5,2,4
5/28/2020,101,82,14,5,4,4
5/29/2020,115,90,12,5,2,5
5/30/2020,143,91,4,5,1,5
5/31/2020,150,75,3,4, ,6
6/1/2020,139,63,3,4,2,9
6/2/2020,99,60,2,4,2,4
6/3/2020,83,38,3,3,1,3
6/4/2020,51,36,2,2,1,2
6/5/2020,48,29,3,1,1,3
6/6/2020,38,30,2,2,1,3
6/7/2020,32,57,2,6,2,3
6/8/2020,84,70,2,4,1,3
6/9/2020,107,111,1,6,2,5
6/10/2020,155,71,1,4,2,5
6/11/2020,107,57,1,4,1,3
6/12/2020,94,32,1,2,2,3
6/13/2020,55,30,1,1,2,3
6/14/2020,52,30,1,2,1,3
6/15/2020,60,29,1,3,1,3
6/16/2020,53,57,1,3,2,4
6/17/2020,93,69,1,5,1,3
6/18/2020,97,102,1,5,1,5
6/19/2020,139,107, ,7,1,5
6/20/2020,148,114, ,7,2,4
6/21/2020,166,114, ,9,1,5
6/22/2020,141,183,15,15,16,7
6/23/2020,192,167,16,14,11,7
6/24/2020,189,237,13,16,15,6
6/25/2020,201,199,13,18,15,6
6/26/2020,184,228,16,21,17,7
6/27/2020,197,281,16,22,21,7
6/28/2020,226,259,18,22,22,7
6/29/2020,218,274,16,22,21,8
6/30/2020,220,222,17,18,16,6
7/1/2020,186,225,19,21,18,6
7/2/2020,195,214,13,19,12,6
7/3/2020,174,288,13,21,11,8
7/4/2020,196,283,21,9,10,3
7/5/2020,149,132,19,7,9,5
7/6/2020,141,170,23,11,15,6
7/7/2020,174,163,27,13,12,7
7/8/2020,174,220,24,22,13,8
7/9/2020,184,312,15,18,14,6
7/10/2020,214,184,14,12,12,5
7/11/2020,154,399,8,13,13,6
7/12/2020,198,169,19,11,9,4
7/13/2020,135,253,19,18,11,7
7/14/2020,190,203,19,12,12,5
7/15/2020,174,193,18,7,9,4
7/16/2020,158,137,18,10,10,5
7/17/2020,153,349,21,23,20,9
7/18/2020,266,269,25,20,14,8
7/19/2020,201,340,18,20,19,8
7/20/2020,278,275,23,20,19,8
7/21/2020,247,157,23,8,10,6
7/22/2020,160,157,21,6,7,6
7/23/2020,134,223,17,5,8,6
7/24/2020,158,96,19,7,6,5
7/25/2020,136,86,17,12,6,5
7/26/2020,142,181,21,22,8,8
7/27/2020,198,156,25,15,9,7
7/28/2020,187,134,28,8,8,7
7/29/2020,173,110,21,6,7,6
7/30/2020,157,114,27,6,8,6
7/31/2020,158,118,25,6,7,6
8/1/2020,161,115,28,7,6,5
8/2/2020,153,136,28,8,7,6
8/3/2020,161,250,20,18,10,10
8/4/2020,185,233,15,14,15,6
8/5/2020,196,293,13,6,7,3
8/6/2020,160,177,32,8,9,6
8/7/2020,162,141,24,7,10,6
8/8/2020,160,176,38,8,11,6
8/9/2020,164,220,35,12,10,7
8/10/2020,179,229,18,5,3,4
8/11/2020,144,114,32,8,7,5
8/12/2020,148,59,18,3,3,4
8/13/2020,83,48,43,3,4,3
8/14/2020,91,87,42,9,5,5
8/15/2020,138,136,30,11,6,7
8/16/2020,186,145,21,13,6,5
8/17/2020,158,223,12,4,6,4
8/18/2020,154,131,21,6,6,5
8/19/2020,144,112,12,11,5,6
8/20/2020,137,173,22,12,4,7
8/21/2020,168,222,19,10,5,7
8/22/2020,173,170,15,13,6,5
8/23/2020,141,245,17,17,12,6
8/24/2020,167,216,18,15,10,7
8/25/2020,159,206,11,12,8,6
8/26/2020,140,149,18,10,8,5
8/27/2020,128,302,12,15,10,6
8/28/2020,162,275,9,9,7,3
8/29/2020,151,186,10,12,9,5
8/30/2020,145,260,8,12,7,4
8/31/2020,155,208,9,9,8,5
9/1/2020,152,186,11,11,8,4
9/2/2020,152,157,11,6,5,3
9/3/2020,117,181,8,5,5,3
9/4/2020,131,102,10,4,4,3
9/5/2020,86,176,13,6,3,2
9/6/2020,80,58,10,8,3,3
9/7/2020,72,46,8,5,2,2
9/8/2020,76,73,7,7,4,3
9/9/2020,110,100,12,7,5,3
9/10/2020,145,100,13,13,4,5
9/11/2020,133,93,14,5,5,3
9/12/2020,122,105,15,6,4,3
9/13/2020,124,123,16,8,6,6
9/14/2020,133,175,23,13,9,5
9/15/2020,151,109,19,5,7,4
9/16/2020,152,84,1, , ,10
9/17/2020,153,125,5,4,4,8
9/18/2020,175,103,12,5,2,4
9/19/2020,139,54,3,4,2,5
9/20/2020,88,51,5,5,3,5
9/21/2020,286,264,18,21,3,10
9/22/2020,287,210,5,13,2,10
9/23/2020,293,98,6,8,2,7
9/24/2020,173,68,5,8,2,6
9/25/2020,148,43,141,4,2,4
9/26/2020,109,41, ,4,1,4
9/27/2020,99,75, ,8,3,5
9/28/2020,154,70,6,8,2,4
9/29/2020,148,101,7,11,2,6
9/30/2020,171,122,6,12,3,9
10/1/2020,197,110,4,11,2,8
10/2/2020,183,89,4,5,2,5
10/3/2020,159,102,4,6,1,7
10/4/2020,176,153,6,11,1,8
10/5/2020,215,155,4,10,1,7
10/6/2020,212,152,6,8,2,7
10/7/2020,206,194,7,12,2,10
10/8/2020,255,151,19,14,2,10
10/9/2020,222,108,6,8,2,7
10/10/2020,187,81,5,5,2,7
10/11/2020,163,91,4,9,2,7
10/12/2020,160,96,4,8,2,7
10/13/2020,155,111,6,8,1,7
10/14/2020,175,111,9,11,2,6
10/15/2020,171,108,11,11,3,5
10/16/2020,158,144,16,16,3,6
10/17/2020,177,125,232,12,4,5
10/18/2020,183,160,4,14,2,9
10/19/2020,232,144,7,11,3,8
10/20/2020,220,139,14,8,3,7
10/21/2020,212,100,8,5,2,6
10/22/2020,181,57,5,5,2,5
10/23/2020,119,91,7,10,2,8
10/24/2020,167,180,13,13,3,10
10/25/2020,212,132,14,13,3,7
10/26/2020,196,136,16,14,3,8
10/27/2020,196,77,9,6,2,5
10/28/2020,140,95,11,10,2,6
10/29/2020,148,105,14,11,3,5
10/30/2020,146,123,14,14,4,6
10/31/2020,157,168,18,16,3,8
11/1/2020,186,144,14,14,3,6
11/2/2020,198,131,15,15,3,6
11/3/2020,184,182,15,16,4,8
11/4/2020,207,144,103,15,3,7
11/5/2020,186,210,24,16,4,9
11/6/2020,201,109, ,14,3,5
11/7/2020,162,99, ,8,4,5
11/8/2020,163,135,1,15,4,6
11/9/2020,157,152,7,11,6,5
11/10/2020,185,113,9,7,5,6
11/11/2020,180,144,10,11,3,8
11/12/2020,210,128,13,10,3,6
11/13/2020,181,40,9,3,2,3
11/14/2020,57,58,10,6,4,4
11/15/2020,101,80,12,10,3,4
11/16/2020,113,110,12,14,3,6
11/17/2020,163,127,11,14,4,6
11/18/2020,163,113,17,11,6,6
11/19/2020,171,84,8,7,4,4
11/20/2020,139,78,7,6,4,4
11/21/2020,132, , , , , 
11/22/2020,172,155,1,15,5,7
11/23/2020,182,105,1,8,6,5
11/24/2020,138,98,5,7,7,5
11/25/2020,141,108,8,11,6,5
11/26/2020,148,121,17,12,9,5
11/27/2020,156,141,11,14,10,7
11/28/2020,180,192,7,14,8,9
11/29/2020,202,189, ,15,9,7
11/30/2020,205,123,16,11,7,5
12/1/2020,161,139,12,11,7,7
12/2/2020,183,144,10,9,4,7
12/3/2020,209,122,15,8,5,7
12/4/2020,180,142,11,12,5,7
12/5/2020,183,174,9,13,6,8
12/6/2020,203,115,9,8,6,4
12/7/2020,154,206,10,15,8,6
12/8/2020,186,237,10,16,7,7
12/9/2020,195,135,8,12,6,4
12/10/2020,160,144,15,9,10,5
12/11/2020,162,174,11,10,11,6
12/12/2020,184,312,12,22,10,9
12/13/2020,209,289,9,17,14,8
12/14/2020,220,332,13,18,20,8
12/15/2020,250,225,24,19,14,8
12/16/2020,219,122,13,12,10,5
12/17/2020,143,80,11,6,2,6
12/18/2020,146,70,10,6,2,4
12/19/2020,118,73,6,4,2,4
12/20/2020,91,68,17,6,2,5
12/21/2020,100,72,15,6,3,5
12/22/2020,124,89,22,9,2,5
12/23/2020,148,117,24,11,3,6
12/24/2020,155,122,20,12,3,6
12/25/2020,157,114,18,11,3,7
12/26/2020,150,123,14,10,3,7
12/27/2020,154,123,16,11,3,7
12/28/2020,150,139,23,12,3,6
12/29/2020,174,122,22,14,3,6
12/30/2020,163,112,28,14,3,7
12/31/2020,168,186,29,18,4,10
1/1/2021,222,151,6,7,2,7
1/2/2021,180,47,8,3,2,4
1/3/2021,33,65,17,7,2,5
1/4/2021,120,129,24,14,2,7
1/5/2021,179,139,20,16,3,6
1/6/2021,154,102,16,11,3,5
1/7/2021,132,110,22,15,3,7
1/8/2021,154,102,20,12,3,6
1/9/2021,158,60,20,9,3,5
1/10/2021,97,107,21,14,3,6
1/11/2021,146,159,24,17,3,6
1/12/2021,182,193,24,19,4,8
1/13/2021,195,177,23,20,5,8
1/14/2021,217,147,18,17,4,6
1/15/2021,198,200,18,19,6,9
1/16/2021,237,217,23,22,6,10
1/17/2021,230,174,21,18,5,8
1/18/2021,232,201,25,21,6,10
1/19/2021,279,338,16,18,4,13
1/20/2021,409,371,13,14,3,12
1/21/2021,460,263,18,14,5,10
1/22/2021,364,321,19,20,5,10
1/23/2021,376,307,21,22,7,10
1/24/2021,360,397,20,28,9,12
1/25/2021,396,312,23,24,8,12
1/26/2021,326,527,9,32,8,18
1/27/2021,430,438,16,23,4,15
1/28/2021,425,228,11,26,5,11
1/29/2021,224,269,20,25,6,11
1/30/2021,289,295,19,27,6,13
1/31/2021,319,337,21,23,7,12
2/1/2021,355,270,18,22,5,12
2/2/2021,305,282,19,26,9,13
2/3/2021,294,280,20,27,7,12
2/4/2021,313,277,21,21,7,11
2/5/2021,319,171,13,17,6,9
2/6/2021,230,153,17,10,6,6
2/7/2021,193,235,19,23,7,11
2/8/2021,234,292,29,26,4,13
2/9/2021,286,233,31,21,5,11
2/10/2021,314,268,18,24,5,13
2/11/2021,307,197,18,18,3,10
2/12/2021,278,176,13,14,4,11
2/13/2021,285,217,14,20,3,11
2/14/2021,271,199,15,19,5,10
2/15/2021,236,335,11,25,5,14
2/16/2021,353,224,4,18,5,10
2/17/2021,323,164,10,16,3,9
2/18/2021,262,174,12,18,3,11
2/19/2021,236,217,15,21,4,11
2/20/2021,258,122,10,14,5,7
2/21/2021,181,103,9,14,2,5
2/22/2021,154,130,11,17,5,7
2/23/2021,186,174,11,21,4,9
2/24/2021,219,138,12,19,4,7
2/25/2021,192,162,13,19,5,9
2/26/2021,198,194,12,23,4,11
2/27/2021,242,200,12,20,3,11
2/28/2021,250,192,14,17,4,10
3/1/2021,263,221,13,16,4,10
3/2/2021,243,225,9,19,4,9
3/3/2021,271,138,12,13,5,6
3/4/2021,207,116,10,10,2,6
3/5/2021,185,137,12,15,3,7
3/6/2021,212,210,13,19,4,9
3/7/2021,262,348,12,24,4,14
3/8/2021,323,255,14,21,4,11
3/9/2021,302,259,15,22,4,11
3/10/2021,328,255,15,19,3,11
3/11/2021,323,260,12,19,3,13
3/12/2021,349,279,7,15,2,12
3/13/2021,359,80,9,10,3,6
3/14/2021,158,90,4,15,3,6
3/15/2021,165,108,7,15,2,7
3/16/2021,173,165,9,17,3,9
3/17/2021,215,160,10,20,2,8
3/18/2021,211,244,10,21,3,11
3/19/2021,278,225,10,20,5,10
3/20/2021,286,250,14,20,3,11
3/21/2021,120,214,8,9,3,3
3/22/2021,134,88,7,11,3,3
3/23/2021,98,114,14,16,3,5
3/24/2021,143,119,12,14,2,3
3/25/2021,131,122,16,12,3,4
3/26/2021,116,157,14,16,3,4
3/27/2021,129,170,16,11,8,6
3/28/2021,120,78,16,8,3,4
3/29/2021,116,72,9,8,3,4
3/30/2021,112,76,10,7,2,3
3/31/2021,117,65,7,7,2,3
4/1/2021,102,37,2,7,3,3
4/2/2021,56,44,3,7,2,4
4/3/2021,84,46,4,3,3,4
4/4/2021,92,61,10,4,2,4
4/5/2021,109,85,18,6,3,4
4/6/2021,151,63,6,10,2,4
4/7/2021,104,33,2,6,2,3
4/8/2021,47,38,6,6,2,4
4/9/2021,81,47,11,7,3,5
4/10/2021,88,33,5,2,2,3
4/11/2021,69,46,11,4,2,4
4/12/2021,94,56,12,5,2,4
4/13/2021,123,31,2,3,2,8
4/14/2021,60,53,5,5,2,5
4/15/2021,119,45,1,7,1,5
4/16/2021,107,23,1,7, ,4
4/17/2021,50,41,2,5,2,4
4/18/2021,72,34,3,4,2,4
4/19/2021,69,29,6,3,1,4
4/20/2021,64,52,3,6,2,4
4/21/2021,78,43,5,5,2,4
4/22/2021,93,37,14,3,2,4
4/23/2021,79,30,7,3,1,3
4/24/2021,66,42,6,4,1,5
4/25/2021,80,44,8,4,1,4
4/26/2021,95,45,4,6,2,4
4/27/2021,99,42,5,6,1,4
4/28/2021,93,52,10,8,2,5
4/29/2021,119,82,3,7,3,4
4/30/2021,99,84,6,6,2,3
5/1/2021,93,83,6,5,2,4
5/2/2021,86,75,8,6,2,4
5/3/2021,92,75,9,4,2,3
5/4/2021,88,78,9,5,2,3
5/5/2021,92,82,9,5,2,4
5/6/2021,100,100,10,6,2,5
5/7/2021,135,108,15,9,2,5
5/8/2021,152,92,14,7,1,5
5/9/2021,161,53,9,6,2,4
5/10/2021,107,28,3,2,2,4
5/11/2021,64,42,9,5,3,5
5/12/2021,109,48,16,5,2,4
5/13/2021,95,58,5,7,2,5
5/14/2021,116,81,7,7,2,5
5/15/2021,101,86,7,5,1,4
5/16/2021,85,99,8,5,2,4
5/17/2021,106,86,14,7,2,5
5/18/2021,129,78,12,5,2,4
5/19/2021,140,33,6,3,3,4
5/20/2021,74,31,2,4,2,5
5/21/2021,58,25,3,3,2,4
5/22/2021,61,37,7,5,2,4
5/23/2021,55,43,15,3,2,5
5/24/2021,67,32,16,5,2,5
5/25/2021,65,65,20,10,2,7
5/26/2021,136,55,13,6,2,5
5/27/2021,128,50,7,4,2,4
5/28/2021,110,36,7,4,2,4
5/29/2021,68,43,8,5,2,5
5/30/2021,86,42,9,3,2,4
5/31/2021,87,36,6,3,2,5
6/1/2021,45,46,14,5,2,4
6/2/2021,76,39,6,3,2,4
6/3/2021,75,39,5,3,2,4
6/4/2021,69,48,10,5,2,5
6/5/2021,67,76,4,7,2,5
6/6/2021,84,27,6,2,2,4
6/7/2021,59,34,10,2,2,5
6/8/2021,79,50,10,5,2,5
6/9/2021,95,56,16,6,2,5
6/10/2021,106,59,12,7,2,5
6/11/2021,110,40,11,4,2,4
6/12/2021,68,49,12,3,2,4
6/13/2021,77,28,8,3,2,4
6/14/2021,60,30,9,2,2,4
6/15/2021,66,35,11,3,2,4
6/16/2021,85,64,15,6,2,5
6/17/2021,132,47,13,3,2,4
6/18/2021,79,52,12,5,3,5
6/19/2021,98,74,17,8,2,6
6/20/2021,129,91,18,9,2,7
6/21/2021,102,122,38,15,17,10
6/22/2021,133,115,47,16,16,8
6/23/2021,130,130,42,17,17,11
6/24/2021,145,131,74,17,15,9
6/25/2021,149,187,69,13,18,17
6/26/2021,202,126,47,9,9,12
6/27/2021,140,108,45,13,11,10
6/28/2021,124,138,51,16,12,12
6/29/2021,129,140,47,18,13,12
6/30/2021,142,145,44,17,16,14
7/1/2021,145,250,50,20,17,16
7/2/2021,196,225,44,18,18,15
7/3/2021,193,148,40,13,14,8
7/4/2021,143,212,44,14,18,14
7/5/2021,181,147,9,15,23,14
7/6/2021,136,75, ,9,12,7
7/7/2021,111,128, ,10,15,8
7/8/2021,154,177, ,13,13,8
7/9/2021,130,177, ,11,17,8
7/10/2021,134,82, ,7,9,9
7/11/2021,114,103, ,9,10,9
7/12/2021,133,97, ,7,11,9
7/13/2021,128,84, ,10,8,9
7/14/2021,108,139, ,13,11,12
7/15/2021,149,303,45,21,19,10
7/16/2021,247,366,83,23,16,9
7/17/2021,254,374,77,20,18,9
7/18/2021,276,355,69,15,14,9
7/19/2021,241,275,62,12,13,9
7/20/2021,183,168,80,9,7,6
7/21/2021,154,163,47,8,6,7
7/22/2021,140,135,40,9,7,14
7/23/2021,134,134,43,8,10,11
7/24/2021,145,127,69,7,10,16
7/25/2021,156,133,44,8,9,15
7/26/2021,147,75,51,12,6,9
7/27/2021,128,102,76,13,8,11
7/28/2021,158,101,82,9,10,14
7/29/2021,152,82,47,11,6,10
7/30/2021,140,110,66,11,9,11
7/31/2021,156,112,34,7,6,10
8/1/2021,133,69,11,7,5,11
8/2/2021,123,90,22,10,4,26
8/3/2021,138,155,31,11,6,30
8/4/2021,121,96,55,11,11,11
8/5/2021,151,152,19,20,11,11
8/6/2021,176,57,4,9,4,11
8/7/2021,81,46,1,6,3,13
8/8/2021,105,65,2,6,3,9
8/9/2021,88,51,1,7,2,6
8/10/2021,84,56,1,7,3,8
8/11/2021,84,348,2,8,3,11
8/12/2021,177,92,20,8,4,7
8/13/2021,126,98,29,10,6,10
8/14/2021,93,91,23,13,7,10
8/15/2021,115,118,15,10,6,7
8/16/2021,123,79,1,7,3,13
8/17/2021,100,70,1,5,3,12
8/18/2021,64,100,1,6,3,9
8/19/2021,75,115,26,9,7,8
8/20/2021,128,119,37,6,4,7
8/21/2021,80,81,58,8,6,11
8/22/2021,124,102,90,7,8,11
8/23/2021,156,118,80,6,6,5
8/24/2021,157,84,51,9,9, 
8/25/2021,124,108,60,8,5,9
8/26/2021,125,125,56,9,8,9
8/27/2021,141,403,20,16,6,16
8/28/2021,156,319,27,13,5,17
8/29/2021,137,172,34,11,4,17
8/30/2021,145,138,19,10,3,10
8/31/2021,123,70,26,11,4,5
9/1/2021,102,68,28,12,6,5
9/2/2021,118,77,51,12,6,5
9/3/2021,118,86,33,11,4,4
9/4/2021,100,62,34,11,5,5
9/5/2021,107,58,25,11,4,5
9/6/2021,112,55,24,10,5,5
9/7/2021,104,46,23,8,8,4
9/8/2021,84,32, ,8,3,3
9/9/2021,60,57,1,10,5,4
9/10/2021,96,127,4,13,7,5
9/11/2021,128,194,2,14,12,5
9/12/2021,152,126,1,11,4,5
9/13/2021,127,120,2,12,6,4
9/14/2021,130,101,18,16,5,5
9/15/2021,103,137,20,12,2,5
9/16/2021,158,149,11,17,2,6
9/17/2021,161,197,18,25,3,5
9/18/2021,148,365,10,17,6,4
9/19/2021,149,209,10,10,5,4
9/20/2021,139,45,9,5,4,4
9/21/2021,108,85,7,7,5,5
9/22/2021,171,92,11,5,4,3
9/23/2021,173,128,12,5,10,3
9/24/2021,203,108,15,5,7,3
9/25/2021,188,100,18,4,6,3
9/26/2021,180,103,20,6,3,3
9/27/2021,179,125,17,7,3,5
9/28/2021,207,156,24,7,4,7
9/29/2021,232,211,15,10,5,8
9/30/2021,294,325,28,11,5,9
10/1/2021,366,146,15,9,4,5
10/2/2021,228,171,21,7, ,6
10/3/2021,282,168,20,11,6,6
10/4/2021,255,203,22,13,5,6
10/5/2021,277,134,19,11,5,5
10/6/2021,222,176,20,15,4,10
10/7/2021,229,195,10,14,4,9
10/8/2021,282,151,30,15,4,9
10/9/2021,224,174,9,10,4,11
10/10/2021,250,156,22,9,4,13
10/11/2021,208,199,41,9,5,9
10/12/2021,268,226,37,16,8,7
10/13/2021,240,267,28,15,6,11
10/14/2021,321,243,34,16,6,10
10/15/2021,260,215,28,20,8,5
10/16/2021,260,274,44,17,6,9
10/17/2021,286,218,30,21,7,8
10/18/2021,264,352,4,21,9,12
10/19/2021,347,186,1,15,5,6
10/20/2021,262,101,9,8,5,4
10/21/2021,179,85,27,13,6,4
10/22/2021,144,98,31,11,7,4
10/23/2021,167,142,35,12,7,6
10/24/2021,206,201,40,16,8,7
10/25/2021,250,208,13,17,8,11
10/26/2021,224,210,12,21,7,6
10/27/2021,245,204,3,19,7,7
10/28/2021,232,213,3,16,7,8
10/29/2021,262,156,15,16,5,9
10/30/2021,220,140,37,16,4,7
10/31/2021,207,182,39,18,6,9
11/1/2021,240,186,43,20,7,9
11/2/2021,235,223,35,19,5,9
11/3/2021,217,155,38,16,5,9
11/4/2021,210,151,29,16,5,8
11/5/2021,212,110,30,15,4,7
11/6/2021,173,198,40,17,7,6
11/7/2021,232,180,38,13,7,5
11/8/2021,169,275,30,33,9,7
11/9/2021,243,277,46,17,15,8
11/10/2021,215,283,34,18,14,9
11/11/2021,234,177,31,16,9,8
11/12/2021,166,137,30,12,8,4
11/13/2021,139,137,38,12,10,3
11/14/2021,150,131,37,12,9,3
11/15/2021,147,119,39,7,9,2
11/16/2021,146,180,42,12,12,4
11/17/2021,178,208,103,16,10,6
11/18/2021,223,159,46,16,8,5
11/19/2021,185, , , , , 
11/20/2021,173,158,53,5,7,4
11/21/2021,187,193,89,8,11,10
11/22/2021,202,115,45,11,11,4
11/23/2021,148,166,53,13,12,7
11/24/2021,182,154,28,11,8,5
11/25/2021,166,131,35,8,10,7
11/26/2021,168,132,33,10,12,8
11/27/2021,168,163,7,11,12,9
11/28/2021,193,216,22,9,12,8
11/29/2021,179,281,30,12,13,7
11/30/2021,194,300,35,15,12,7
12/1/2021,184,168,41,10,10,7
12/2/2021,161,171, ,15,14,7
12/3/2021,177,320,21,25,24,8
12/4/2021,255,135,32,13,9,6
12/5/2021,149,170,24,16,9,11
12/6/2021,137,124,34,12,10,11
12/7/2021,148,86,32,9,8,11
12/8/2021,120,88,37,10,9,11
12/9/2021,130,199,45,14,19,13
12/10/2021,193,192,48,20,10,12
12/11/2021,175, , , , , 
12/12/2021,74,129,36,6,10,11
12/13/2021,131,118,3,8,6,6
12/14/2021,158,117,3,11,5,6
12/15/2021,146,121,4,9,6,6
12/16/2021,156,118,8,7,4,5
12/17/2021,141,128,3,9,6,6
12/18/2021,150,160,6,7,7,7
12/19/2021,176,164,8,7,7,7
12/20/2021,173,140,9,6,6,7
12/21/2021,167,151,10,5,8,7
12/22/2021,176,140,10,9,8,13
12/23/2021,172,226,13,12,8,11
12/24/2021,199,183,14,18,6,9
12/25/2021,203,148,11,28,6,7
12/26/2021,193,271,10,34,8,11
12/27/2021,217,281,15,39,11,8
12/28/2021,236,309,20,38,9,9
12/29/2021,222,150,15,23,6,6
12/30/2021,165,169,18,24,6,6
12/31/2021,190,199,8,34,12,7
1/1/2022,183,294,32,26,10,14
1/2/2022,211,454,40,39,12,19
1/3/2022,274,490,50,38,10,19
1/4/2022,343,413,61,37,9,24
1/5/2022,296,336,40,26,7,15
1/6/2022,276,320,49,23,9,14
1/7/2022,267,222,40,19,7,10
1/8/2022,239,341,51,27,9,11
1/9/2022,265,468,57,29,9,13
1/10/2022,347,348,47,27,9,9
1/11/2022,304,345,38,25,6,10
1/12/2022,331,412,42,22,9,10
1/13/2022,381,315,51,19,9,10
1/14/2022,287,282,44,23,8,11
1/15/2022,244,550,45,22,11,13
1/16/2022,454,423,50,24,9,11
1/17/2022,387,422,40,35,13,13
1/18/2022,333,509,50,34,11,18
1/19/2022,403,562,53,37,10,18
1/20/2022,455,706,53,39,10,21
1/21/2022,551,605,68,38,7,19
1/22/2022,563,140,43,23,6,8
1/23/2022,221,220,48,30,7,10
1/24/2022,224,349,60,33,6,12
1/25/2022,307,497,43,25,8,14
1/26/2022,478,324,53,13,8,10
1/27/2022,377,82,29,9,6,4
1/28/2022,153,85,30,14,6,5
1/29/2022,151,125,41,19,5,6
1/30/2022,185,213,41,25,7,10
1/31/2022,253,157, ,18,6,7
2/1/2022,215,107, ,9,6,7
2/2/2022,174, , , , , 
2/3/2022,195,247, ,30,8,15
2/4/2022,305,271, ,20,8,16
2/5/2022,358,126, ,14,7,8
2/6/2022,203,82,17,11,6,5
2/7/2022,151,135,41,15,7,9
2/8/2022,184,217,55,24,8,10
2/9/2022,230,256,58,22,8,10
2/10/2022,264,329,63,29,9,15
2/11/2022,298,274,59,24,7,11
2/12/2022,277,264,57,29,8,10
2/13/2022,271,369,96,32,9,16
2/14/2022,372,291,43,19,7,11
2/15/2022,341,284,9,23,7,11
2/16/2022,336,248, ,18,5,11
2/17/2022,299,255,1,21,9,12
2/18/2022,263,259,6,17,9,12
2/19/2022,272,144,5,14,7,7
2/20/2022,183,259,7,28,7,14
2/21/2022,242,233,3,11,4,13
2/22/2022,323,99,15,7,4,5
2/23/2022,175,96,23,5,6,4
2/24/2022,169,107,24,8,9,5
2/25/2022,184,102,19,9,5,4
2/26/2022,174,115,18,7,4,6
2/27/2022,192,132,32,12,6,6
2/28/2022,208,143,30,16,6,5
3/1/2022,212,140,36,15,7,6
3/2/2022,215,229,35,19,12,9
3/3/2022,248,448,27,22,8,14
3/4/2022,364,520,26,23,7,20
3/5/2022,432,380,35,16,5,14
3/6/2022,389,206,30,17,5,9
3/7/2022,264,224,32,16,5,13
3/8/2022,282,251,33,13,5,16
3/9/2022,307,161,24,12,6,7
3/10/2022,165,143,27,11,4,7
3/11/2022,182,120,23,8,3,7
3/12/2022,190,222,14,13,4,8
3/13/2022,282,246,12,9,4,13
3/14/2022,322,265,14,14,4,8
3/15/2022,368,151,13,9,4,5
3/16/2022,230,58,12,8,5,4
3/17/2022,137,87,26,8,3,4
3/18/2022,146,96,9,3,4,4
3/19/2022,147,70,10,2,4,3
3/20/2022,123,39,13, ,3,3
3/21/2022,75,52,8,4,3,2
3/22/2022,129,38,4,4,3,2
3/23/2022,75,33,8,1,3,3
3/24/2022,87,56,12,1,3,5
3/25/2022,121,55,5,4,3,2
3/26/2022,86,46,4,5,3,3
3/27/2022,76,38,9,4,4,7
3/28/2022,74,70,16,4,4,4
3/29/2022,90,95,21,4,4,4
3/30/2022,109,60,18,3,3,4
3/31/2022,98,50,13,3,4,6
4/1/2022,95,57,14,3,3,5
4/2/2022,128,46,10,2,4,17
4/3/2022,91,38,12,2,3,14
4/4/2022,81,36,20,2,4,15
4/5/2022,64,38,13,2,4,16
4/6/2022,76,37,8,3,3,10
4/7/2022,82,54,38,4,3,15
4/8/2022,100,55,19,5,3,10
4/9/2022,116,38,7,4,4,33
4/10/2022,80, , , , , 
4/11/2022,70,60,9,9,3,25
4/12/2022,74,58,11,5,3,10
4/13/2022,78,38,10,4,3,4
4/14/2022,61,46,12,4,4,8
4/15/2022,94,46,15,3,4,5
4/16/2022,82,45,2,16,3,8
4/17/2022,73,56,10,10,4,1
4/18/2022,72,48,7,1,4,5
4/19/2022,73,58,3,2,5,5
4/20/2022,99,39,3, ,4,3
4/21/2022,55,39,6, ,5,9
4/22/2022,70,51,8,2,5,5
4/23/2022,104,45,2,1,5,4
4/24/2022,92,49,4,2,4,3
4/25/2022,103,54,2,2,4,3
4/26/2022,110,46,3,3,4,6
4/27/2022,67,35,3,2,4,16
4/28/2022,57,31,2,2,4,13
4/29/2022,58,51,1,4,4,17
4/30/2022,104,52,3,5,4,16
5/1/2022,86,55,16,20,5,15
5/2/2022,91,60,98,16,4,14
5/3/2022,76,44,18,24,3,16
5/4/2022,59,29,3,13,3,5
5/5/2022,47,24, ,6,3,2
5/6/2022,28,22, ,5,3,1
5/7/2022,36,30, ,4,3,2
5/8/2022,54,34, ,6,3,2
5/9/2022,52,44, ,8,4,3
5/10/2022,66,48, ,8,2,3
5/11/2022,52,53, ,6,2,2
5/12/2022,69,51, ,7,4,2
5/13/2022,80,40, ,7,3,3
5/14/2022,78,25,2,4,4,1
5/15/2022,40,29,3,6,2,2
5/16/2022,47,49,4,9,2,3
5/17/2022,60,49,6,6,3,7
5/18/2022,74,54,5,6,3,5
5/19/2022,109,81,3,7,4,6
5/20/2022,127,72,9,8,3,6
5/21/2022,135,46,6,4,3,4
5/22/2022,93,60,4,6,3,5
5/23/2022,109,56,5,6,3,5
5/24/2022,93,75,4,6,4,5
5/25/2022,121,78,4,6,3,5
5/26/2022,123,106,4,6,6,6
5/27/2022,137,100,1,5,4,7
5/28/2022,149, , , , , 
5/29/2022,147,107,1,8,5,6
5/30/2022,153,114,1,13,4,1
5/31/2022,148,79,1,8,3,1
6/1/2022,108,82,1,8,4,1
6/2/2022,121,96,1,11,4,1
6/3/2022,146,93,1,6,4,1
6/4/2022,151,93,1,8,4, 
6/5/2022,148,70, ,9,5, 
6/6/2022,112,49, ,7,5, 
6/7/2022,82,69, ,9,5, 
6/8/2022,111,103, ,10,5, 
6/9/2022,145,126,1,11,5,7
6/10/2022,146,83,2,17,5,10
6/11/2022,102,125,2,22,6,7
6/12/2022,144,127,2,18,6,7
6/13/2022,155,101,2,14,5,5
6/14/2022,129,110,2,11,6,5
6/15/2022,98,56,18,12,5,4
6/16/2022,77,61,23,14,5,6
6/17/2022,80,73,22,16,7,4
6/18/2022,107,86,25,16,6,4
6/19/2022,132,96,21,16,7,6
6/20/2022,129,77,19,13,4,5
6/21/2022,81,67,21,13,6,5
6/22/2022,80,71,23,15,7,6
6/23/2022,94,90,24,17,7,6
6/24/2022,116,91,27,14,9,5
6/25/2022,121,75,24,12,8,5
6/26/2022,92,107,24,15,10,6
6/27/2022,128,133,27,16,10,6
6/28/2022,155,150,31,12,9,5
6/29/2022,145,151,42,14,12,7
6/30/2022,149,75,32,7,7,4
7/1/2022,73,81,33,7,6,5
7/2/2022,74,69,33,8,7,5
7/3/2022,83,102,27,12,6,7
7/4/2022,115,82,33,9,7,6
7/5/2022,108,118,37,11,7,5
7/6/2022,122,110,32,10,8,6
7/7/2022,128,121,45,12,8,7
7/8/2022,149,86,36,8,5,4
7/9/2022,87,100,26,8,8,4
7/10/2022,109,52,36,6,6,5
7/11/2022,84,78,40,7,9,7
7/12/2022,130,97,43,8,7,7
7/13/2022,143,98,44,8,8,7
7/14/2022,134,107,47,9,9,6
7/15/2022,155,85,38,9,7,6
7/16/2022,102,78,29,9,6,5
7/17/2022,114,52,32,8,6,4
7/18/2022,92,85,41,11,8,6
7/19/2022,127,114,39,9,11,6
7/20/2022,151,60,46,8,6,5
7/21/2022,89,99,55,11,9,7
7/22/2022,141,92,56,10,7,6
7/23/2022,145,112,32,9,7,6
7/24/2022,127,77,51,10,9,7
7/25/2022,138,75,46,9,9,6
7/26/2022,128,120,44,11,10,8
7/27/2022,170,100,57,14,6,6
7/28/2022,155,74,44,13,9,6
7/29/2022,115,95,48,13,9,6
7/30/2022,147,137,62,14,12,6
7/31/2022,178,127,50,9,10,6
8/1/2022,170,148,56,10,7,6
8/2/2022,175,107,49,8,8,5
8/3/2022,144,111,43,6,8,5
8/4/2022,127,168,69,8,13,5
8/5/2022,182,134,21,5,5,5
8/6/2022,122,124,23,5,6,5
8/7/2022,136,106,29,6,7,6
8/8/2022,125,154,33,8,10,6
8/9/2022,151,120,53,4,6,5
8/10/2022,126,146,24,2,4,5
8/11/2022,101,53,14,3,3,4
8/12/2022,81,49,27,4,3,4
8/13/2022,87,38,14,3,2,4
8/14/2022,78,45,26,3,3,5
8/15/2022,100,67,38,4,4,4
8/16/2022,107,78,36,5,5,5
8/17/2022,121,112,32,6,4,6
8/18/2022,161,71,43,6,5,5
8/19/2022,124,75,47,4,5,5
8/20/2022,125,65,34,3,5,5
8/21/2022,105,70,42,3,6,5
8/22/2022,121,90,53,4,6,6
8/23/2022,142,125,50,6,6,6
8/24/2022,139, , , , , 
8/25/2022,149,103,24,5,4,5
8/26/2022,159, , , , , 
8/27/2022,141,78,33,8,4,2
8/28/2022,116,71,24,1,4,3
8/29/2022,108,69,15,3,4,4
8/30/2022,111,116,18,1,4,2
8/31/2022,132,70,10,2,4,3
9/1/2022,94,79,11,3,4,3
9/2/2022,128,59,13,3,5,2
9/3/2022,114,45,5,3,4,1
9/4/2022,93,49,6,3,4,2
9/5/2022,109,68,6,2,5,4
9/6/2022,122,77,7,4,5,3
9/7/2022,122,125,2,8,4,4
9/8/2022,112,210,3,5,4,4
9/9/2022,132,154,4,3,4,4
9/10/2022,122,78,11,2,4,5
9/11/2022,131,84,11,4,4,3
9/12/2022,292,198,23,23,7,15
9/13/2022,275,201,27,21,6,16
9/14/2022,260,203,25,22,5,13
9/15/2022,273,152,29,18,5,9
9/16/2022,239,132,10,18,6,9
9/17/2022,226,83,10,13,4,8
9/18/2022,171,74,7,11,2,7
9/19/2022,161,76,12,8,3,6
9/20/2022,161,103,17,13,5,7
9/21/2022,182,134,28,22,5,13
9/22/2022,191,167,24,22,7,7
9/23/2022,227,180,18,19,3,10
9/24/2022,285,93,9,13,4,9
9/25/2022,177,107,8,15,5,9
9/26/2022,183,112,3,14,4,8
9/27/2022,192,90,4,9,4,9
9/28/2022,176,96,5,14,4,10
9/29/2022,174,96,4,7,3,6
9/30/2022,177,129, ,10,3,8
10/1/2022,199,222,12,18,6,20
10/2/2022,295,123,12,15,7,11
10/3/2022,200,76,22,9,5,8
10/4/2022,142,86,28,12,6,8
10/5/2022,157,160,16,23,8,16
10/6/2022,227,212,12,12,5,16
10/7/2022,283,143,4,20,7,15
10/8/2022,234,96,3,22,5,10
10/9/2022,177,84,5,20,5,8
10/10/2022,155,79,4,21,5,6
10/11/2022,151,90,5,21,4,9
10/12/2022,161,106,4,21,3,11
10/13/2022,181,101,4,22,3,9
10/14/2022,178,133,6,26,5,11
10/15/2022,202,150,5,24,5,9
10/16/2022,228,143,5,22,5,9
10/17/2022,213,120,5,21,5,8
10/18/2022,201,117,6,21,5,8
10/19/2022,192,133,5,22,6,7
10/20/2022,237,140,5,21,6,7
10/21/2022,194,170,7,27,6,10
10/22/2022,215,159,6,21,7,8
10/23/2022,218,99,27,16,8,6
10/24/2022,168,93,36,14,8,6
10/25/2022,153,107,42,18,11,5
10/26/2022,173,181,43,25,14,7
10/27/2022,237,213,33,28,10,8
10/28/2022,242,160,45,27,13,8
10/29/2022,211,198,38,30,9,11
10/30/2022,229,125,38,18,7,9
10/31/2022,189,50,24,11,5,4
11/1/2022,101,65,29,17,9,8
11/2/2022,116,98,29,18,7,7
11/3/2022,163,80,28,21,8,6
11/4/2022,134,154,23,25,9,8
11/5/2022,198,193,31,19,11,8
11/6/2022,216,132,36,20,6,8
11/7/2022,188,120,24,17,5,7
11/8/2022,171,89,14,15,4,6
11/9/2022,140,61,24,16,5,5
11/10/2022,117,114,24,20,7,10
11/11/2022,170,79,4,18,5,7
11/12/2022,132,99,17,17,4,7
11/13/2022,152,39,10,13,5,4
11/14/2022,82,27,11,13,5,4
11/15/2022,66,54,16,14,5,6
11/16/2022,108,67,17,16,5, 
11/17/2022,137,71,17,14,5,5
11/18/2022,105,89,21,12,7,5
11/19/2022,143,72,20,12,6,6
11/20/2022,140,79,18,14,5,5
11/21/2022,127,137,21,16,7,7
11/22/2022,169,46,11,9,6,6
11/23/2022,100,66,17,11,5,5
11/24/2022,127,82,16,15,7,6
11/25/2022,143,86,17,20,6,6
11/26/2022,127,86,26,22,7,7
11/27/2022,120,131,30,18,9,7
11/28/2022,169,116,30,21,8,8
11/29/2022,162,158,31,24,14,8
11/30/2022,182,89,24,15,6,6
12/1/2022,152,78,7,17,5,7
12/2/2022,152,69,25,15,7,5
12/3/2022,124,58,20,13,5,6
12/4/2022,106,67,12,12,7,4
12/5/2022,120,46,12,12,4,4
12/6/2022,69,37,13,13,5,5
12/7/2022,60,51,17,12,4,3
12/8/2022,70,60,18,13,5,4
12/9/2022,89,61,18,13,6,4
12/10/2022,86,65,19,13,7,5
12/11/2022,125,42,18,17,9,6
12/12/2022,89,71,20,16,7,6
12/13/2022,128,59,27,17,7,6
12/14/2022,113,67,11,15,6,6
12/15/2022,98,79, ,17,5,7
12/16/2022,132,77, ,14,6,5
12/17/2022,123,67, ,11,5,4
12/18/2022,101,87,38,12,10,6
12/19/2022,148,123,43,19,10,8
12/20/2022,179,112,47,20,8,7
12/21/2022,164,114, ,34,7,9
12/22/2022,171,148,36,25,8,8
12/23/2022,198,146,37,24,8,10
12/24/2022,189,155,62,27,7,12
12/25/2022,197,144,49,23,7,10
12/26/2022,203,127,57,23,7,9
12/27/2022,188,125,44,26,7,9
12/28/2022,181,83,41,28,8,7
12/29/2022,146,105,27,26,7,7
12/30/2022,155,131,36,26,7,8
12/31/2022,179,138,31,28,10,9
1/1/2023,174,154,41,34,10,9
1/2/2023,190,166,49,29,10,11
1/3/2023,231,132,53,31,9,9
1/4/2023,199,162,58,34,10,12
1/5/2023,217,213,41,31,9,13
1/6/2023,258,188,43,25,11,12
1/7/2023,273,268,26,33,9,16
1/8/2023,331,385,27,46,10,19
1/9/2023,361,450,4,48,11,22
1/10/2023,393,442,44,40,11,16
1/11/2023,399,336,28,34,12,4
1/12/2023,358,830, ,39,10,5
1/13/2023,660,365,8,19,10,4
1/14/2023,357,257, ,26,11,4
1/15/2023,289,145, ,35,9,5
1/16/2023,183,153, ,32,10,2
1/17/2023,221,122,2,31,10,4
1/18/2023,187,143, ,27,10,3
1/19/2023,196,176, ,30,11,4
1/20/2023,250,265, ,36,13,4
1/21/2023,304,429, ,40,10,4
1/22/2023,412,420, ,42,13,3
1/23/2023,410,385, ,48,12,8
1/24/2023,359,366, ,45,10,7
1/25/2023,343,157,2,25,9,3
1/26/2023,210,102,14,18,8,2
1/27/2023,156,137,25,22,8,3
1/28/2023,199,160,32,31,9,5
1/29/2023,201,239,48,30,11,5
1/30/2023,252,193,52,30,10,2
1/31/2023,244,262,54,40,13,4
2/1/2023,266,108,24,21,9,2
2/2/2023,165,98,28,20,8,2
2/3/2023,153,118,36,22,9,2
2/4/2023,173,118,39,22,15,2
2/5/2023,173,80,25,18,10,2
2/6/2023,129,45,17,12,5,2
2/7/2023,75,56,25,17,4,3
2/8/2023,104,102,23,25,6,6
2/9/2023,165,128,18,25,5,6
2/10/2023,182, , , , , 
2/11/2023,198,206,43,42,11,10
2/12/2023,263,294,48,55,9,16
2/13/2023,323,280,34,52,14,11
2/14/2023,322,215,32,39,8,15
2/15/2023,224,317,31,40,8,18
2/16/2023,320,255,32,41,7,18
2/17/2023,285,264,39,41,7,14
2/18/2023,299,334,45,39,9,20
2/19/2023,381,241,16,31,7,13
2/20/2023,339,78,19,16,7,7
2/21/2023,165,61,21,16,6,6
2/22/2023,128,90,17,17,6,7
2/23/2023,167,75,11,19,5,6
2/24/2023,159,84,13,28,5,8
2/25/2023,176,106,23,28,5,8
2/26/2023,192,231,14,37,5,16
2/27/2023,317,296,11,42,7,18
2/28/2023,355,183,10,51,5,12
3/1/2023,257,105,11,38,4,10
3/2/2023,188,147,8,33,5,15
3/3/2023,230,194,14,32,6,14
3/4/2023,264,118,9,27, ,7
3/5/2023,194,131,14,29, ,9
3/6/2023,209,184,6,27,5,9
3/7/2023,243,192,11,25,6,9
3/8/2023,268,198,18,22,5,10
3/9/2023,281, , , , , 
3/10/2023,145,119,30,15,4,4
3/11/2023,149,84,24,17,4,4
3/12/2023,125,58,13,17,5,4
3/13/2023,106,59,21,22,14,5
3/14/2023,126,59,30,23,10,4
3/15/2023,116,56,31,14,12,4
3/16/2023,117,92,38,18,9,5
3/17/2023,139,80,18,20,7,4
3/18/2023,121,268,18,20,9,11
3/19/2023,160,297,16,14,8,3
3/20/2023,159,391,9,17,6,5
3/21/2023,163,266,14,11,6,5
3/22/2023,143,150,16,12,6,3
3/23/2023,124,64,12,12,6,5
3/24/2023,85,36,17,12,6,6
3/25/2023,79,38,24,10,5,6
3/26/2023,74,48,33,15,6,6
3/27/2023,93,92,68,19,10,8
3/28/2023,152,69,16,23,6,5
3/29/2023,130,64,17,20,5,19
3/30/2023,133,62,20,21,5,11
3/31/2023,136,60,16,30,5,18
4/1/2023,131,103,25,31,5,7
4/2/2023,138,42,12,22,5,6
4/3/2023,57,52,16,19,6,5
4/4/2023,98,25,14,12,5,5
4/5/2023,77,23,13,12,5,4
4/6/2023,69,28,15,17,6,4
4/7/2023,67,38,15,20,5,5
4/8/2023,77,39,19,18,5,4
4/9/2023,80,58,26,20,7,6
4/10/2023,103,50,18,23,5,5
4/11/2023,68,33,12,20,4,6
4/12/2023,80,41,17,22,6,5
4/13/2023,98,63,30,31,7,7
4/14/2023,137,71,4,30,5,7
4/15/2023,136,32,9,22,4,5
4/16/2023,63,32,23,14,6,5
4/17/2023,72,30,13,11,6,16
4/18/2023,46,31,25,10,6,10
4/19/2023,62,48,28,18,6,16
4/20/2023,91,45,17,21,6,11
4/21/2023,74,38,12,21,5,9
4/22/2023,73,36,23,17,6,8
4/23/2023,76,39,16,16,5,5
4/24/2023,68,23,12,8,5,4
4/25/2023,53, ,8,8,5,5
4/26/2023,46,28,3,9,4,6
4/27/2023,50,50,7,12,5,8
4/28/2023,110,50,21,17,7,5
4/29/2023,91,76,13,17,5,6
4/30/2023,119,79,11,32,5,6
5/1/2023,124,87,14,30,5,9
5/2/2023,131,78,15,25,5,6
5/3/2023,135,64,16,22,6,7
5/4/2023,130,36,16,14,5,4
5/5/2023,55,44,14,12,5,5
5/6/2023,88,54,25,16,6,5
5/7/2023,106,59,27,15,6,7
5/8/2023,100,56,24,15,6,5
5/9/2023,99,70,29,15,5,6
5/10/2023,129,56,15,19,5,6
5/11/2023,97,51,27,16,5,5
5/12/2023,101,85,24,17,6,7
5/13/2023,154,81,21,19,6,7
5/14/2023,136,52,18,16,5,6
5/15/2023,92,59,24,17,6,5
5/16/2023,94,60,36,19,5,6
5/17/2023,97,40,18,12,5,4
5/18/2023,79,71,27,13,6,5
5/19/2023,128,68,27,14,5,5
5/20/2023,135,95,43,17,5,8
5/21/2023,159,78,25,20,5,5
5/22/2023,134,57,27,16,5,5
5/23/2023,94,45,21,12,4,5
5/24/2023,78,37,15,11,4,5
5/25/2023,79,72,32,16,5,6
5/26/2023,130,74,34,16,5,5
5/27/2023,133,58,28,13,6,4
5/28/2023,95,42,19,9,6,4
5/29/2023,59,61,37,13,8,4
5/30/2023,107,74,29,17,7,6
5/31/2023,141,42,16,20,5,3
6/1/2023,71,39,27,16,6,5
6/2/2023,80,50,15,18,4,6
6/3/2023,86,48,17,17,4,6
6/4/2023,77,41,7,14,5,6
6/5/2023,69,34,8,9,6,4
6/6/2023,51,37,9,10,6,6
6/7/2023,69,29,14,9,7,5
6/8/2023,55,49,27,11,6,6
6/9/2023,88,67,16,15,7,7
6/10/2023,118,160,49,27,27,5
6/11/2023,184,139,40,24,24,5
6/12/2023,161,135,85,30,26,7
6/13/2023,204,226,86,35,25,9
6/14/2023,197,180,37,27,24,5
6/15/2023,168,234,29,32,22,8
6/16/2023,217,197,48,29,16,4
6/17/2023,155,142,58,27,19,6
6/18/2023,183,163,36,31,17,6
6/19/2023,158,127,39,28,19,4
6/20/2023,148,117,33,25,14,3
6/21/2023,119,106,29,23,16,3
6/22/2023,116,112,28,24,17,2
6/23/2023,119,110,26,24,17,3
6/24/2023,100,161,28,19,12,3
6/25/2023,94,53,28,16,11,2
6/26/2023,80,76,37,18,9,3
6/27/2023,100,103,35,27,20,4
6/28/2023,131,132,45,26,29,5
6/29/2023,172,128,40,20,15,4
6/30/2023,115,150,44,27,22,5
7/1/2023,162,160,42,28,19,6
7/2/2023,149,219,73,27,24,7
7/3/2023,182,165,62,25,16,5
7/4/2023,162,161,35,27,21,4
7/5/2023,160,179,30,15,9,1
7/6/2023,119, , , , , 
7/7/2023,162,193,44,16,13,4
7/8/2023,140,74,40,16,10,3
7/9/2023,101,114,35,21,16,4
7/10/2023,132,159,39,16,25,6
7/11/2023,167,299,40,22,31,9
7/12/2023,242,243,25,20,22,6
7/13/2023,161,362,33,26,28,9
7/20/2023,241,328,44,26,27,8
7/21/2023,227,304,33,14,19,5
7/22/2023,184,157,37,17,21,5
7/23/2023,170,443,39,18,17,5
7/24/2023,220,219,56,15,25,5
7/25/2023,180,77,33,18,12,4
7/26/2023,129,107,23,25,17,5
7/27/2023,154,101,34,30,13,4
7/28/2023,121,351,25,26,15,5
7/29/2023,147,65,30,20,13,3
7/30/2023,98,104,40,19,20,4
7/31/2023,156,191,36,25,22,5
8/1/2023,165,139,35,19,22,5
8/2/2023,150,141,28,21,20, 
8/3/2023,145,273,46,23,29,4
8/4/2023,200,80,16,31,13,5
8/5/2023,107,80,27,17,15,3
8/6/2023,104,94,34,16,22,3
8/7/2023,122,130,35,19,25,4
8/8/2023,164,112,42,17,19,3
8/9/2023,91,149,40,21,28,4
8/10/2023,157,134,37,16,17,4
8/11/2023,119,250,46,18,25,5
8/12/2023,164,222,51,24,28,8
8/13/2023,184,129,42,19,18,5
8/14/2023,160,220,36,18,20,5
8/15/2023,151,105,45,13,18,4
8/16/2023,140,126,41,17,21,7
8/17/2023,163,194,44,22,18,6
8/18/2023,154,99,44,15,18,36
8/19/2023,149,169,53,31,5,11
8/20/2023,158,190,52,31,6,5
8/21/2023,170,179,38,30,5,5
8/22/2023,148,466,22,21,5,4
8/23/2023,164,168,37,13,4,2
8/24/2023,126,110,32,16,5,3
8/25/2023,126,128,42,16,5,3
8/26/2023,132,168,37,17,6,4
8/27/2023,154,121,23,8,5,1
8/28/2023,105,87,21,10,5,2
8/29/2023,103,31,26,10,4,1
8/30/2023,72,111,31,23,5,3
8/31/2023,156,92,68,20,4,3
9/1/2023,118,116,50,20,5,5
9/2/2023,163,104,35,17,5,3
9/3/2023,145,89,26,7,4,3
9/4/2023,111,52,14,32,5,2
9/5/2023,83,64,25,18,6,9
9/6/2023,133,87,27,17,5,13
9/7/2023,138,160,27,24,5,17
9/8/2023,138,160,20,18,7,4
9/9/2023,130,218,20,14,6,3
9/10/2023,134,158,13,19,4,10
9/11/2023,135,112,16,16,5,4
9/12/2023,326,340,24,52,12,14
9/13/2023,376,417,20,51,13,16
9/14/2023,408,217,10,47,12,10
9/15/2023,286,216,19,42,11,10
9/16/2023,272,87,8,33,12,4
9/17/2023,176,145,14,44,18,7
9/18/2023,229,125,18,41,12,5
9/19/2023,200,137,4,30,14,6
9/20/2023,202,171,11,49,13,9
9/21/2023,225,200,25,37,13,11
9/22/2023,285,361,28,51,15,16
9/23/2023,383,252,25,42,13,10
9/24/2023,299,94,22,32,12,4
9/25/2023,167,136,16,35,14,6
9/26/2023,206,297,24,39,14,15
9/27/2023,334,234,25,40,17,8
9/28/2023,301,224,19,39,10,10
9/29/2023,279,281,25,38,15,11
9/30/2023,306,263,42,45,16,15
10/1/2023,311,219,20,44,13,9
10/2/2023,257,48,18,24,11,3
10/3/2023,118,130,21,27,17,7
10/4/2023,198,79,21,21,11,3
10/5/2023,152,79,19,24,16,4
10/6/2023,157,90,26,21,11,4
10/7/2023,162,116,23,22,15,5
10/8/2023,196,118,27,26,17,5
10/9/2023,195,129,27,34,17,6
10/10/2023,211,211,29,32,27,6
10/11/2023,270,158,26,40,16,7
10/12/2023,214,148,20,38,13,8
10/13/2023,241,146,16,28,11,6
10/14/2023,227,117,15,27,8,6
10/15/2023,187,165,20,27,13,9
10/16/2023,217,174,15,39,17,10
10/17/2023,240,174,22,42,15,11
10/18/2023,241,73,14,25,11,4
10/19/2023,155,85,21,20,13,5
10/20/2023,142,91,24,19,13,4
10/21/2023,154,140,26,26,15,7
10/22/2023,199,162,32,30,17,9
10/23/2023,203,216,37,36,17,11
10/24/2023,237,196,38,45,15,12
10/25/2023,244,156,21,37,14,11
10/26/2023,232,101,22,25,16,7
10/27/2023,186,100,17,21,14,5
10/28/2023,177,98,32,22,11,5
10/29/2023,167,114,24,30,14,6
10/30/2023,174,118,38,29,12,7
10/31/2023,190,84,13,25,11,6
11/1/2023,153,93,25,25,14,5
11/2/2023,150,89,19,24,11,4
11/3/2023,143,70,28,18,14,3
11/4/2023,135,95,35,22,13,4
11/5/2023,160,118,38,23,14,6
11/6/2023,171,64,24,21,15,3
11/7/2023,130,43,14,14,12,2
11/8/2023,101,120,2,28,15,8
11/9/2023,172,73,26,21,12,7
11/10/2023,108,118,8,34,14,8
11/11/2023,209,63,30,18,13,4
11/12/2023,148,71,20,18,13,3
11/13/2023,140,92,25,20,13,4
11/14/2023,151,96,17,21,16,4
11/15/2023,157,142,39,21,14,4
11/16/2023,160,109,38,24,16,4
11/17/2023,165,97,30,22,16,4
11/18/2023,135,94,39,22,16,4
11/19/2023,141,112,38,25,17,5
11/20/2023,157,69,31,24,9,3
11/21/2023,123,123,25,31,21,4
11/22/2023,162,119,19,31,14,6
11/23/2023,166,83,31,25,12,4
11/24/2023,135,85,22,24,14,3
11/25/2023,152,110,37,29,17,4
11/26/2023,156,123,38,31,17,5
11/27/2023,168,128,36,31,14,5
11/28/2023,164,174,17,40,21,9
11/29/2023,201, , , , , 
11/30/2023,84,85,36,18,16,3
12/1/2023,126,80,30,20,15,3
12/2/2023,121,95,24,21,16,3
12/3/2023,144,103,32,22,17,4
12/4/2023,146,124,35,25,23,5
12/5/2023,163,198,41,28,27,7
12/6/2023,212,173,33,33,14,8
12/7/2023,176,152,46,33,18,7
12/8/2023,185,100,32,22,16,3
12/9/2023,128,98,34,19,18,3
12/10/2023,206,134,19,31,14,7
12/11/2023,160,254,25,38,13,13
12/12/2023,248,290,23,45,13,14
12/13/2023,262,367,17,48,12,19
12/14/2023,307,199,21,46,11,15
12/15/2023,209,300,14,50,10,20
12/16/2023,276,238,23,41,9,10
12/17/2023,249,244,27,37,12,10
12/18/2023,272,216,28,37,17,12
12/19/2023,267,251,26,40,10,12
12/20/2023,308,233,24,36,9,10
12/21/2023,302,194,19,33,10,9
12/22/2023,272,80,17,28,9,4
12/23/2023,155,101,18,31,9,4
12/24/2023,172,121,17,34,11,5
12/25/2023,187,143,23,40,13,6
12/26/2023,220,206,23,47,11,10
12/27/2023,249,206,29,46,13,8
12/28/2023,261,262,25,49,14,11
12/29/2023,305,358,28,48,15,16
12/30/2023,360,259,29,52,12,10
12/31/2023,310,313,31,41,13,12
1/1/2024,366,300,35,37,9,15
1/2/2024,374,361,22,47,12,15
1/3/2024,367,199,21,45,10,8
1/4/2024,277,236,22,39,11,11
1/5/2024,310,263,24,41,12,13
1/6/2024,327,237,18,47,11,8
1/7/2024,310,280,22,44,11,11
1/8/2024,329,417,23,45,17,18
1/9/2024,391, , , , , 
1/10/2024,329,63,18,7,2,10
1/11/2024,310,175,27,16,7,11
1/12/2024,327,164,1,12,6,6
1/13/2024,277,147,66,5,11,5
1/14/2024,367,117,35,9,7,12
1/15/2024,360,169, ,21,7,9
1/16/2024,283,57,12,6,3,44
1/17/2024,293,104, ,5,4,7
1/18/2024,301,103,36,5,4,6
1/19/2024,337,96,22,15,5,4
1/20/2024,264,180,25,23,6,12
1/21/2024,287,169,6,28,7,11
1/22/2024,287,138,24,44,6,10
1/23/2024,339,181,53,21,13,5
1/24/2024,379,312,19,48,15,11
1/25/2024,366,71,35,21,13,2
1/26/2024,302,157,23,29,12,5
1/27/2024,232, ,32,6,5,14
